{"count":1,"gauges":{},"self":1.112026,"total":1.119597,"children":{"AgentResetIfDone":{"count":21,"self":0.000529,"total":0.000529,"children":null},"AgentSendState":{"count":21,"self":0.00087499999999999991,"total":0.001542,"children":{"CollectObservations":{"count":9,"self":0.000667,"total":0.000667,"children":null}}},"DecideAction":{"count":21,"self":0.001567,"total":0.001567,"children":null},"AcademyStep":{"count":21,"self":0.001681,"total":0.001681,"children":null},"AgentAct":{"count":21,"self":0.0012799999999999999,"total":0.0012799999999999999,"children":null}}}