{"count":1,"gauges":{},"self":6.2237719999999994,"total":6.254263,"children":{"AgentResetIfDone":{"count":304,"self":0.004392,"total":0.004392,"children":null},"AgentSendState":{"count":304,"self":0.0061969999999999994,"total":0.011262999999999999,"children":{"CollectObservations":{"count":608,"self":0.005066,"total":0.005066,"children":null}}},"DecideAction":{"count":304,"self":0.009011,"total":0.009011,"children":null},"AcademyStep":{"count":304,"self":0.00082199999999999992,"total":0.00082199999999999992,"children":null},"AgentAct":{"count":304,"self":0.003789,"total":0.003789,"children":null}}}