{"count":1,"gauges":{},"self":7.7649839999999992,"total":7.814005,"children":{"AgentResetIfDone":{"count":380,"self":0.0053479999999999995,"total":0.0053479999999999995,"children":null},"AgentSendState":{"count":380,"self":0.008786,"total":0.016798,"children":{"CollectObservations":{"count":1140,"self":0.008012,"total":0.008012,"children":null}}},"DecideAction":{"count":380,"self":0.012685,"total":0.012685,"children":null},"AcademyStep":{"count":380,"self":0.0026409999999999997,"total":0.0026409999999999997,"children":null},"AgentAct":{"count":380,"self":0.010515,"total":0.010515,"children":null}}}