{"count":1,"gauges":{},"self":37.50288,"total":37.647335,"children":{"AgentResetIfDone":{"count":1871,"self":0.025913,"total":0.025913,"children":null},"AgentSendState":{"count":1871,"self":0.010858,"total":0.015292,"children":{"CollectObservations":{"count":564,"self":0.004434,"total":0.004434,"children":null}}},"DecideAction":{"count":1871,"self":0.065915,"total":0.065915,"children":null},"AcademyStep":{"count":1871,"self":0.0069999999999999993,"total":0.0069999999999999993,"children":null},"AgentAct":{"count":1871,"self":0.029258,"total":0.029258,"children":null}}}