{"count":1,"gauges":{},"self":21.7211808,"total":21.79879,"children":{"AgentResetIfDone":{"count":1049,"self":0.013654999999999999,"total":0.013654999999999999,"children":null},"AgentSendState":{"count":1049,"self":0.005667,"total":0.007897,"children":{"CollectObservations":{"count":210,"self":0.0022299999999999998,"total":0.0022299999999999998,"children":null}}},"DecideAction":{"count":1049,"self":0.032728,"total":0.032728,"children":null},"AcademyStep":{"count":1049,"self":0.005638,"total":0.005638,"children":null},"AgentAct":{"count":1049,"self":0.016651,"total":0.016651,"children":null}}}