{"count":1,"gauges":{},"self":23.636228799999998,"total":23.801498,"children":{"AgentResetIfDone":{"count":1173,"self":0.019039,"total":0.019039,"children":null},"AgentSendState":{"count":1173,"self":0.009096,"total":0.012025,"children":{"CollectObservations":{"count":354,"self":0.0029289999999999997,"total":0.0029289999999999997,"children":null}}},"DecideAction":{"count":1173,"self":0.042189,"total":0.042189,"children":null},"AcademyStep":{"count":1173,"self":0.06956699999999999,"total":0.06956699999999999,"children":null},"AgentAct":{"count":1173,"self":0.021228999999999998,"total":0.021228999999999998,"children":null}}}