{"count":1,"gauges":{},"self":14.4162336,"total":14.504576,"children":{"AgentResetIfDone":{"count":715,"self":0.010805,"total":0.010805,"children":null},"AgentSendState":{"count":715,"self":0.019111,"total":0.03377,"children":{"CollectObservations":{"count":1965,"self":0.014659,"total":0.014659,"children":null}}},"DecideAction":{"count":715,"self":0.023455999999999998,"total":0.023455999999999998,"children":null},"AcademyStep":{"count":715,"self":0.002379,"total":0.002379,"children":null},"AgentAct":{"count":715,"self":0.016876,"total":0.016876,"children":null}}}