{"count":1,"gauges":{},"self":21.2456192,"total":21.323732,"children":{"AgentResetIfDone":{"count":1044,"self":0.014946999999999998,"total":0.014946999999999998,"children":null},"AgentSendState":{"count":1044,"self":0.00586,"total":0.008088999999999999,"children":{"CollectObservations":{"count":210,"self":0.002229,"total":0.002229,"children":null}}},"DecideAction":{"count":1044,"self":0.032892,"total":0.032892,"children":null},"AcademyStep":{"count":1044,"self":0.005599,"total":0.005599,"children":null},"AgentAct":{"count":1044,"self":0.015482,"total":0.015482,"children":null}}}