{"count":1,"gauges":{},"self":4.2535392,"total":4.586855,"children":{"AgentResetIfDone":{"count":186,"self":0.002815,"total":0.002815,"children":null},"AgentSendState":{"count":186,"self":0.014822,"total":0.019666,"children":{"CollectObservations":{"count":558,"self":0.0048439999999999993,"total":0.0048439999999999993,"children":null}}},"DecideAction":{"count":186,"self":0.252057,"total":0.304944,"children":{"RayPerceptionSensor.Perceive":{"count":558,"self":0.052886999999999997,"total":0.052886999999999997,"children":null}}},"AcademyStep":{"count":186,"self":0.000601,"total":0.000601,"children":null},"AgentAct":{"count":186,"self":0.0042179999999999995,"total":0.0042179999999999995,"children":null}}}