{"count":1,"gauges":{},"self":20.3138944,"total":20.416771999999998,"children":{"AgentResetIfDone":{"count":1009,"self":0.014464999999999999,"total":0.014464999999999999,"children":null},"AgentSendState":{"count":1009,"self":0.019691999999999998,"total":0.03726,"children":{"CollectObservations":{"count":1905,"self":0.017568,"total":0.017568,"children":null}}},"DecideAction":{"count":1009,"self":0.028687999999999998,"total":0.028687999999999998,"children":null},"AcademyStep":{"count":1009,"self":0.0031219999999999998,"total":0.0031219999999999998,"children":null},"AgentAct":{"count":1009,"self":0.01817,"total":0.01817,"children":null}}}