{"count":1,"gauges":{},"self":26.937103999999998,"total":26.993703999999997,"children":{"AgentResetIfDone":{"count":1333,"self":0.009195,"total":0.009195,"children":null},"AgentSendState":{"count":1333,"self":0.004238,"total":0.006268,"children":{"CollectObservations":{"count":402,"self":0.00203,"total":0.00203,"children":null}}},"DecideAction":{"count":1333,"self":0.026099999999999998,"total":0.026099999999999998,"children":null},"AcademyStep":{"count":1333,"self":0.002567,"total":0.002567,"children":null},"AgentAct":{"count":1333,"self":0.011309999999999999,"total":0.011309999999999999,"children":null}}}