{"count":1,"gauges":{},"self":33.5298368,"total":34.0230989,"children":{"AgentResetIfDone":{"count":1516,"self":0.026937799999999998,"total":0.026937799999999998,"children":null},"AgentSendState":{"count":1516,"self":0.024859899999999997,"total":0.034924199999999996,"children":{"CollectObservations":{"count":563,"self":0.0100643,"total":0.0100643,"children":null}}},"DecideAction":{"count":1516,"self":0.095625,"total":0.095625,"children":null},"AcademyStep":{"count":1516,"self":0.2483175,"total":0.2483175,"children":null},"AgentAct":{"count":1516,"self":0.08246379999999999,"total":0.08246379999999999,"children":null}}}