{"count":1,"gauges":{},"self":35.8155808,"total":35.968472,"children":{"AgentResetIfDone":{"count":1758,"self":0.025091,"total":0.025091,"children":null},"AgentSendState":{"count":1758,"self":0.02954,"total":0.052562,"children":{"CollectObservations":{"count":2969,"self":0.023021999999999997,"total":0.023021999999999997,"children":null}}},"DecideAction":{"count":1758,"self":0.044483999999999996,"total":0.044483999999999996,"children":null},"AcademyStep":{"count":1758,"self":0.005183,"total":0.005183,"children":null},"AgentAct":{"count":1758,"self":0.024572,"total":0.024572,"children":null}}}