{"count":1,"gauges":{},"self":54.2351744,"total":54.599309999999996,"children":{"AgentResetIfDone":{"count":2713,"self":0.033802,"total":0.033802,"children":null},"AgentSendState":{"count":2713,"self":0.011977999999999999,"total":0.015316999999999999,"children":{"CollectObservations":{"count":423,"self":0.003339,"total":0.003339,"children":null}}},"DecideAction":{"count":2713,"self":0.05143,"total":0.05143,"children":null},"AcademyStep":{"count":2713,"self":0.226433,"total":0.226433,"children":null},"AgentAct":{"count":2713,"self":0.035987,"total":0.035987,"children":null}}}