{"count":1,"gauges":{},"self":1.555464,"total":1.564771,"children":{"AgentResetIfDone":{"count":65,"self":0.00086699999999999993,"total":0.00086699999999999993,"children":null},"AgentSendState":{"count":65,"self":0.0017369999999999998,"total":0.00348,"children":{"CollectObservations":{"count":195,"self":0.001743,"total":0.001743,"children":null}}},"DecideAction":{"count":65,"self":0.0024129999999999998,"total":0.0024129999999999998,"children":null},"AcademyStep":{"count":65,"self":0.000179,"total":0.000179,"children":null},"AgentAct":{"count":65,"self":0.001271,"total":0.001271,"children":null}}}