{"count":1,"gauges":{},"self":8.3062312,"total":8.3434689999999989,"children":{"AgentResetIfDone":{"count":376,"self":0.005961,"total":0.005961,"children":null},"AgentSendState":{"count":376,"self":0.002914,"total":0.004174,"children":{"CollectObservations":{"count":114,"self":0.0012599999999999998,"total":0.0012599999999999998,"children":null}}},"DecideAction":{"count":376,"self":0.014903999999999999,"total":0.014903999999999999,"children":null},"AcademyStep":{"count":376,"self":0.0025069999999999997,"total":0.0025069999999999997,"children":null},"AgentAct":{"count":376,"self":0.008574,"total":0.008574,"children":null}}}