{"count":1,"gauges":{},"self":11.580615199999999,"total":11.643132999999999,"children":{"AgentResetIfDone":{"count":566,"self":0.00838,"total":0.00838,"children":null},"AgentSendState":{"count":566,"self":0.011687,"total":0.022084,"children":{"CollectObservations":{"count":1373,"self":0.010397,"total":0.010397,"children":null}}},"DecideAction":{"count":566,"self":0.016184999999999998,"total":0.016184999999999998,"children":null},"AcademyStep":{"count":566,"self":0.001798,"total":0.001798,"children":null},"AgentAct":{"count":566,"self":0.012893,"total":0.012893,"children":null}}}