{"count":1,"gauges":{},"self":31.5410912,"total":31.770079,"children":{"AgentResetIfDone":{"count":1553,"self":0.024886,"total":0.024886,"children":null},"AgentSendState":{"count":1553,"self":0.0090359999999999989,"total":0.012629,"children":{"CollectObservations":{"count":420,"self":0.003593,"total":0.003593,"children":null}}},"DecideAction":{"count":1553,"self":0.051282999999999995,"total":0.051282999999999995,"children":null},"AcademyStep":{"count":1553,"self":0.104699,"total":0.104699,"children":null},"AgentAct":{"count":1553,"self":0.03449,"total":0.03449,"children":null}}}