{"count":1,"gauges":{},"self":27.7568736,"total":27.851810999999998,"children":{"AgentResetIfDone":{"count":1360,"self":0.016949,"total":0.016949,"children":null},"AgentSendState":{"count":1360,"self":0.006554,"total":0.0089699999999999988,"children":{"CollectObservations":{"count":258,"self":0.0024159999999999997,"total":0.0024159999999999997,"children":null}}},"DecideAction":{"count":1360,"self":0.038336999999999996,"total":0.038336999999999996,"children":null},"AcademyStep":{"count":1360,"self":0.0068959999999999994,"total":0.0068959999999999994,"children":null},"AgentAct":{"count":1360,"self":0.022806999999999997,"total":0.022806999999999997,"children":null}}}