{"count":1,"gauges":{},"self":2.241116,"total":2.2561899999999997,"children":{"AgentResetIfDone":{"count":96,"self":0.0011309999999999998,"total":0.0011309999999999998,"children":null},"AgentSendState":{"count":96,"self":0.001122,"total":0.001803,"children":{"CollectObservations":{"count":30,"self":0.000681,"total":0.000681,"children":null}}},"DecideAction":{"count":96,"self":0.003192,"total":0.003192,"children":null},"AcademyStep":{"count":96,"self":0.0055109999999999994,"total":0.0055109999999999994,"children":null},"AgentAct":{"count":96,"self":0.0020959999999999998,"total":0.0020959999999999998,"children":null}}}