{"count":1,"gauges":{},"self":47.656857599999995,"total":47.81239,"children":{"AgentResetIfDone":{"count":2351,"self":0.026352,"total":0.026352,"children":null},"AgentSendState":{"count":2351,"self":0.009611999999999999,"total":0.012537999999999999,"children":{"CollectObservations":{"count":309,"self":0.0029259999999999998,"total":0.0029259999999999998,"children":null}}},"DecideAction":{"count":2351,"self":0.055221,"total":0.055221,"children":null},"AcademyStep":{"count":2351,"self":0.009434,"total":0.009434,"children":null},"AgentAct":{"count":2351,"self":0.050726999999999994,"total":0.050726999999999994,"children":null}}}